<application>
  <component name="RecentProjectsManager">
    <option name="additionalInfo">
      <map>
        <entry key="$USER_HOME$/coursera/search-engine-test">
          <value>
            <RecentProjectMetaInfo frameTitle="C3M4L1_03_Search_Engine_Lab.iml – Main.java" opened="true" projectWorkspaceId="2kyVQvX4cLN158oB3kjzlAvQ9ih">
              <option name="activationTimestamp" value="1747415625426" />
              <option name="binFolder" value="$APPLICATION_HOME_DIR$/bin" />
              <option name="build" value="IC-241.18034.62" />
              <option name="buildTimestamp" value="1718905980000" />
              <option name="colorInfo">
                <RecentProjectColorInfo associatedIndex="0" />
              </option>
              <frame x="0" y="31" width="1144" height="859" extendedState="6" />
              <option name="productionCode" value="IC" />
              <option name="projectOpenTimestamp" value="1747415433734" />
            </RecentProjectMetaInfo>
          </value>
        </entry>
      </map>
    </option>
    <option name="lastOpenedProject" value="$USER_HOME$/coursera/search-engine-test" />
  </component>
</application>