<project version="4">
  <component name="BookmarksManager">
    <option name="groups">
      <GroupState>
        <option name="name" value="C3M4L1_03_Search_Engine_Lab.iml" />
      </GroupState>
    </option>
  </component>
  <component name="FileEditorManager">
    <leaf ideFingerprint="a6h67yzvlq7a" SIDE_TABS_SIZE_LIMIT_KEY="-1">
      <file current-in-tab="false">
        <entry file="file://$PROJECT_DIR$/src/LibrarySerializer.java">
          <provider editor-type-id="text-editor" selected="true">
            <state relative-caret-position="176">
              <caret line="30" column="31" selection-start-line="30" selection-start-column="31" selection-end-line="30" selection-end-column="31" />
            </state>
          </provider>
        </entry>
      </file>
      <file>
        <entry file="file://$PROJECT_DIR$/src/Main.java">
          <provider editor-type-id="text-editor" selected="true">
            <state relative-caret-position="66">
              <caret line="3" column="13" selection-start-line="3" selection-start-column="13" selection-end-line="3" selection-end-column="13" />
            </state>
          </provider>
        </entry>
      </file>
      <file current-in-tab="false">
        <entry file="file://$PROJECT_DIR$/src/resources/data/books.txt">
          <provider editor-type-id="text-editor" selected="true" />
        </entry>
      </file>
      <file current-in-tab="false">
        <entry file="file://$PROJECT_DIR$/src/resources/data/user_interactions.log">
          <provider editor-type-id="text-editor" selected="true" />
        </entry>
      </file>
    </leaf>
  </component>
  <component name="FileTypeUsageLocalSummary"><![CDATA[{
  "data": {
    "JAVA": {
      "usageCount": 25,
      "lastUsed": 1747415583895
    },
    "PLAIN_TEXT": {
      "usageCount": 1,
      "lastUsed": 1747415517230
    },
    "textmate": {
      "usageCount": 1,
      "lastUsed": 1747415520966
    }
  }
}]]></component>
  <component name="FindInProjectRecents">
    <findStrings>
      <find>resouces</find>
      <find>resour</find>
      <find>res</find>
      <find>resources</find>
    </findStrings>
    <replaceStrings>
      <replace />
    </replaceStrings>
  </component>
  <component name="IdeDocumentHistory">
    <changedPaths>
      <option value="$PROJECT_DIR$/src/Library.java" />
      <option value="$PROJECT_DIR$/src/Main.java" />
      <option value="$PROJECT_DIR$/src/SortUtil.java" />
      <option value="$PROJECT_DIR$/src/LibraryMenu.java" />
      <option value="$PROJECT_DIR$/src/UserInteractionLogger.java" />
      <option value="$PROJECT_DIR$/src/Book.java" />
      <option value="$PROJECT_DIR$/src/LibrarySerializer.java" />
    </changedPaths>
  </component>
  <component name="IgnoredFileRootStore">
    <option name="generatedRoots">
      <set>
        <option value="$PROJECT_DIR$/.idea" />
      </set>
    </option>
  </component>
  <component name="LanguageUsageStatistics">
    <language id="JAVA">
      <summary usageCount="25" lastUsage="1747415583895" />
    </language>
    <language id="TEXT">
      <summary usageCount="1" lastUsage="1747415517230" />
    </language>
    <language id="textmate">
      <summary usageCount="1" lastUsage="1747415520966" />
    </language>
  </component>
  <component name="ProjectView">
    <navigator currentView="ProjectPane" proportions="" version="1" />
    <panes>
      <pane id="PackagesPane" />
      <pane id="ProjectPane">
        <subPane>
          <expand>
            <path>
              <item name="C3M4L1_03_Search_Engine_Lab.iml" type="b2602c69:ProjectViewProjectNode" />
              <item name="dir{file:///home/coder/coursera/search-engine-test}" type="462c0819:PsiDirectoryNode" />
            </path>
            <path>
              <item name="C3M4L1_03_Search_Engine_Lab.iml" type="b2602c69:ProjectViewProjectNode" />
              <item name="dir{file:///home/coder/coursera/search-engine-test}" type="462c0819:PsiDirectoryNode" />
              <item name="dir{file:///home/coder/coursera/search-engine-test/src}" type="462c0819:PsiDirectoryNode" />
            </path>
            <path>
              <item name="C3M4L1_03_Search_Engine_Lab.iml" type="b2602c69:ProjectViewProjectNode" />
              <item name="dir{file:///home/coder/coursera/search-engine-test}" type="462c0819:PsiDirectoryNode" />
              <item name="dir{file:///home/coder/coursera/search-engine-test/src}" type="462c0819:PsiDirectoryNode" />
              <item name="dir{file:///home/coder/coursera/search-engine-test/src/resources}" type="462c0819:PsiDirectoryNode" />
            </path>
            <path>
              <item name="C3M4L1_03_Search_Engine_Lab.iml" type="b2602c69:ProjectViewProjectNode" />
              <item name="dir{file:///home/coder/coursera/search-engine-test}" type="462c0819:PsiDirectoryNode" />
              <item name="dir{file:///home/coder/coursera/search-engine-test/src}" type="462c0819:PsiDirectoryNode" />
              <item name="dir{file:///home/coder/coursera/search-engine-test/src/resources}" type="462c0819:PsiDirectoryNode" />
              <item name="dir{file:///home/coder/coursera/search-engine-test/src/resources/test}" type="462c0819:PsiDirectoryNode" />
            </path>
          </expand>
          <select />
        </subPane>
      </pane>
      <pane id="Scope" />
    </panes>
  </component>
  <component name="RunConfigurationStartHistory">
    <history>
      <element setting="Application.Main" />
    </history>
  </component>
  <component name="ToolWindowManager">
    <layout>
      <window_info id="Bookmarks" order="0" side_tool="true" />
      <window_info active="true" content_ui="combo" id="Project" order="1" visible="true" weight="0.25043708" />
      <window_info id="Learn" order="2" />
      <window_info id="Structure" order="3" side_tool="true" />
      <window_info anchor="bottom" id="Version Control" order="0" />
      <window_info anchor="bottom" id="Find" order="1" />
      <window_info anchor="bottom" id="Run" order="2" />
      <window_info anchor="bottom" id="Debug" order="3" weight="0.4" />
      <window_info anchor="bottom" id="TODO" order="4" />
      <window_info anchor="bottom" id="Inspection" order="5" weight="0.4" />
      <window_info anchor="bottom" id="Problems View" order="6" />
      <window_info anchor="bottom" id="Terminal" order="7" />
      <window_info anchor="bottom" id="Services" order="8" />
      <window_info anchor="bottom" id="Build" order="8" visible="true" weight="0.32994014" />
      <window_info anchor="right" id="Coverage" order="0" side_tool="true" />
      <window_info anchor="right" id="AIAssistant" order="1" />
      <window_info anchor="right" id="Notifications" order="2" weight="0.25" />
      <unified_weights bottom="0.32994014" left="0.25043708" />
    </layout>
    <recentWindows>
      <value>Project</value>
      <value>Build</value>
    </recentWindows>
  </component>
  <component name="editorHistoryManager">
    <entry file="file://$PROJECT_DIR$/src/Book.java">
      <provider selected="true" editor-type-id="text-editor">
        <state relative-caret-position="275">
          <caret line="14" column="33" selection-start-line="14" selection-start-column="33" selection-end-line="14" selection-end-column="33" />
        </state>
      </provider>
    </entry>
    <entry file="file://$PROJECT_DIR$/src/SortUtil.java">
      <provider selected="true" editor-type-id="text-editor">
        <state relative-caret-position="37">
          <caret line="5" column="13" selection-start-line="5" selection-start-column="13" selection-end-line="5" selection-end-column="13" />
        </state>
      </provider>
    </entry>
    <entry file="file://$PROJECT_DIR$/src/UserInteractionLogger.java">
      <provider selected="true" editor-type-id="text-editor">
        <state relative-caret-position="110">
          <caret line="7" column="48" selection-start-line="7" selection-start-column="48" selection-end-line="7" selection-end-column="48" />
        </state>
      </provider>
    </entry>
    <entry file="file://$PROJECT_DIR$/src/Library.java">
      <provider selected="true" editor-type-id="text-editor">
        <state relative-caret-position="154">
          <caret line="11" column="20" selection-start-line="11" selection-start-column="20" selection-end-line="11" selection-end-column="20" />
        </state>
      </provider>
    </entry>
    <entry file="file://$PROJECT_DIR$/src/LibraryMenu.java">
      <provider selected="true" editor-type-id="text-editor">
        <state relative-caret-position="396">
          <caret line="20" column="44" selection-start-line="20" selection-start-column="35" selection-end-line="20" selection-end-column="44" />
        </state>
      </provider>
    </entry>
    <entry file="file://$PROJECT_DIR$/src/resources/data/books.txt">
      <provider selected="true" editor-type-id="text-editor" />
    </entry>
    <entry file="file://$PROJECT_DIR$/src/resources/data/user_interactions.log">
      <provider selected="true" editor-type-id="text-editor" />
    </entry>
    <entry file="file://$PROJECT_DIR$/src/LibrarySerializer.java">
      <provider selected="true" editor-type-id="text-editor">
        <state relative-caret-position="176">
          <caret line="30" column="31" selection-start-line="30" selection-start-column="31" selection-end-line="30" selection-end-column="31" />
        </state>
      </provider>
    </entry>
    <entry file="file://$PROJECT_DIR$/src/Main.java">
      <provider selected="true" editor-type-id="text-editor">
        <state relative-caret-position="66">
          <caret line="3" column="13" selection-start-line="3" selection-start-column="13" selection-end-line="3" selection-end-column="13" />
        </state>
      </provider>
    </entry>
  </component>
</project>